<?xml version="1.0" encoding="UTF-8"?>
<metadata xml:lang="en"><Esri><CreaDate>20191021</CreaDate><CreaTime>12251100</CreaTime><ArcGISFormat>1.0</ArcGISFormat><SyncOnce>TRUE</SyncOnce><DataProperties><lineage><Process ToolSource="c:\program files (x86)\arcgis\desktop10.5\ArcToolbox\Toolboxes\Data Management Tools.tbx\CalculateField" Date="20191021" Time="122511">CalculateField tl_2017_us_county_perscription pers_rate2 1000 VB #</Process><Process ToolSource="c:\program files (x86)\arcgis\desktop10.5\ArcToolbox\Toolboxes\Data Management Tools.tbx\CalculateField" Date="20191021" Time="122629">CalculateField tl_2017_us_county_perscription pers_rate [pers_rate] VB #</Process><Process ToolSource="c:\program files (x86)\arcgis\desktop10.5\ArcToolbox\Toolboxes\Data Management Tools.tbx\CalculateField" Date="20191021" Time="122641">CalculateField tl_2017_us_county_perscription pers_rate [pers_rate2] VB #</Process></lineage></DataProperties></Esri></metadata>
